Date,Volume,SMA_5,EMA_12,EMA_26,RSI_14,MACD,BB_upper,BB_lower,Momentum_10,Volatility_10d,SMA_5_XLK,EMA_12_XLK,EMA_26_XLK,RSI_14_XLK,MACD_XLK,BB_upper_XLK,BB_lower_XLK,Momentum_10_XLK,Volatility_10d_XLK,Return_5d,y_5d
2019-03-29,94256000,45.05184326171875,44.76095849890917,43.92413546566822,62.06590393055164,0.8368230332409468,47.090852786169904,40.7073592652217,0.020578355398970682,0.016194290984876722,69.15574188232422,68.93228176486697,68.24740216718791,57.57142228999335,0.6848795976790569,71.05371382431886,65.27738511366942,0.013837230297262026,0.012430475987274604,0.037114922447459175,1
2019-04-01,111448000,45.17132339477539,44.905191202051746,44.05556773260657,64.16972205372821,0.8496234694451772,47.24270599250364,40.923263856129175,0.017125927576227218,0.0160408110492273,69.53484954833985,69.21011375446676,68.43190494719367,63.18754920360032,0.7782088072730886,71.39254245768043,65.33170223226097,0.02332881220719507,0.013008119413083774,0.046329170137851206,1
2019-04-02,91062800,45.51686019897461,45.12943528019162,44.22647217537356,68.2555918896946,0.9029631048180633,47.45187298120741,41.155931889398055,0.040154789228222576,0.016098051575138262,69.88754730224609,69.4829220876137,68.6209022044328,64.49049088718243,0.8620198831809063,71.70840562027,65.45324370223976,0.0247785871698194,0.013011760518428972,0.028244429444012287,1
2019-04-03,93087200,45.84566802978516,45.36807412455517,44.4082585156092,70.01712707410056,0.9598156089459735,47.62100906962234,41.48454741841477,0.0382120644349655,0.01604816047643182,70.43451690673828,69.80226440579032,68.83851294156827,67.40559945901458,0.9637514642220566,72.04267371996968,65.6486890424815,0.03590447665057073,0.012976815870490495,0.02697728436853497,1
2019-04-04,76457200,46.178775024414065,45.58249742255029,44.58259681530655,70.46824338487255,0.9999006072437382,47.619163636955335,42.04053828260032,0.003075261338297608,0.011120820694017384,70.8645523071289,70.02604933644999,69.0176502388653,64.41805010968206,1.008399097584686,72.11642098520475,66.13745627309602,0.0062589921701725615,0.010687964761058695,0.016658954905120815,1
2019-04-05,74106400,46.51570587158203,45.81209278039412,44.767209439990154,72.20376491006868,1.0448833404039632,47.54596864581793,42.689384824030704,0.03114363798421338,0.008393391461433804,71.2266845703125,70.26763430369385,69.20866515624826,66.2312596659385,1.0589691474455947,72.1199629023363,66.73131654712658,0.03546095299759533,0.006468321329492053,0.009492403565072749,1
2019-04-08,103526800,46.93914031982422,46.12033132349454,44.993019356327686,75.82441941065339,1.127311967166854,47.81605276701122,42.92589326265186,0.06018865810001284,0.007343367481131934,71.45301361083985,70.51412670311055,69.40578884096338,67.66094427642545,1.1083378621471667,72.32549645390972,67.00953391108052,0.04397250066050895,0.005849523952952073,-0.004347731045561631,0
2019-04-09,143072800,47.2010383605957,46.359090798928975,45.1914822124381,73.82018455288434,1.1676085864908714,48.02632366763392,43.15984691036901,0.06804453567450208,0.0057335627708556955,71.56240997314453,70.67046870746974,69.56316372173983,64.03660855422257,1.107304985729911,72.43421839949873,67.31113377335284,0.03337871445910556,0.006481994040922759,-0.0012531808636617736,0
2019-04-10,86781200,47.452901458740236,46.60229271590565,45.395068956648416,75.14109978322676,1.2072237592572321,48.24226583379648,43.39577661615469,0.06446663285917298,0.0056773633151731675,71.65671081542969,70.87965065511862,69.74590354732854,66.85182349571768,1.1337471077900858,72.63297242980153,67.52850141663401,0.04658784133198646,0.005715459000795115,0.012511181923550163,1
2019-04-11,83603200,47.60870208740234,46.74668286804847,45.55401412318068,69.50930806512214,1.1926687448677882,48.36409818927028,43.63763826092503,0.05420707744607767,0.0072230925972530365,71.79250946044922,71.04214435128127,69.90812252013204,65.8052449091903,1.1340218311492265,72.7616687037401,67.79239623766614,0.04093916593949709,0.006013928373608408,0.024679794484961937,1
2019-04-12,111042800,47.698072814941405,46.86591948623031,45.69977017970289,69.24171269512212,1.1661493065274229,48.49498219835658,43.811427255989116,0.04695963583468954,0.007423862157051872,71.96037292480469,71.256532750363,70.09534818125651,68.6104182073673,1.1611845691064815,73.0221001910547,67.89220873838866,0.037973094856755596,0.00577007691836523,0.028460849474703398,1
2019-04-15,70146400,47.65649490356445,46.980047835065974,45.84110229629246,69.80535493239702,1.1389455387735126,48.64050102790328,43.93378180901079,0.041780012320966176,0.007429406444019841,72.06788177490235,71.43358604267493,70.2666097345257,68.26904126623643,1.1669763081492306,73.24669709056373,67.99579253345972,0.023596722792434077,0.004702921401956633,0.04140908633088847,1
2019-04-16,102785600,47.64454650878906,47.077352158892964,45.97231886248868,69.83837164568122,1.1050332964042866,48.717771660794234,44.16046778012373,0.02695585320186633,0.006529866484055806,72.31684722900391,71.63998465179465,70.45242953211292,70.33558222395433,1.1875551196817327,73.50849432722366,68.08481011613573,0.02524266084489879,0.00477282025289297,0.03969894894281367,1
2019-04-17,115627200,47.764503479003906,47.30232692065582,46.16249436233037,75.45409765626415,1.1398325583254518,48.96902954334292,44.26693084484068,0.03982598400462334,0.008382151114751529,72.54695281982421,71.87701460094763,70.65452210908893,72.46479004664299,1.2224924918587021,73.78599745347445,68.21753266737515,0.022667172032985183,0.0045023000447306834,0.01058447761888437,1
2019-04-18,96783200,47.99916305541992,47.51952686931094,46.35150415674398,76.34641505904729,1.1680227125669589,49.253814642782736,44.19171224320359,0.04174988897347531,0.008348423588062573,72.83741149902343,72.10949744328983,70.85701329183581,73.51235295486674,1.2524841514540128,74.10935697640498,68.15162401114385,0.029909912224913127,0.003886400432937962,0.0021581636376677427,1
2019-04-22,77758000,48.2696647644043,47.727942648055766,46.53837269558904,77.16685636120906,1.1895699524667265,49.53534760587568,44.23229575044757,0.03822341490879477,0.00830152320113393,73.06186065673828,72.33233087261243,71.05708006532106,74.37151633078805,1.2752508072913713,74.36425230311973,68.33807771397012,0.027397528866635046,0.003836821379324639,0.0003910370255084672,1
2019-04-23,93292000,48.663943481445315,48.01274336971906,46.76361526175779,80.39173828499032,1.249128107961269,49.878977225776104,44.33647382402858,0.03688131971511788,0.008099487343449417,73.45228424072266,72.64420259533551,71.30170354717228,78.0001656596607,1.3424990481632335,74.68295725339884,68.5710573340035,0.03464126742294127,0.004633657357040573,-0.032822195118273,0
2019-04-24,70162400,49.04197692871094,48.24196641688067,46.966509922091994,79.08706773675071,1.2754564947886777,50.06234939973458,44.63986159880057,0.03839601811602922,0.007978692657880863,73.77480773925781,72.91244750291911,71.53030287661352,78.11795161654442,1.382144626305589,74.95826409231844,68.81254202950774,0.03994730591855955,0.003852016459725093,0.016219364445904105,1
2019-04-25,74172800,49.14473037719726,48.366810868557984,47.121098472513566,71.72161631435138,1.2457123960444179,50.133282643842136,44.97061902852114,0.02322808386749009,0.008906491145741664,74.01245574951172,73.13652009824825,71.74057076520204,77.81866628459242,1.395949333046218,75.06850699149992,69.25681115425205,0.032469291830983016,0.003894086091991053,0.018851986874010906,1
2019-04-26,74596400,49.16575698852539,48.43641837240363,47.246888188886984,68.15794464785509,1.189530183516645,50.10156376039602,45.374634817484846,0.026891221157672174,0.008495698740239978,74.15202484130859,73.28259370392641,71.91430615556902,73.28637635894636,1.3682875483573866,75.05655536968764,69.76669368426742,0.02988966649651381,0.00427677297556801,0.03646615213574722,1
2019-04-29,88818800,49.169579315185544,48.50671417118048,47.36884766115114,68.68794269821166,1.1378665100293333,50.05269726886942,45.77381411418722,0.028863015746134035,0.008439595117298916,74.26141815185547,73.40909948587944,72.0765709800914,73.39773847747826,1.3325285057880336,75.0670921547671,70.18807599708836,0.023044066074254355,0.004103119680848086,0.018914112838040786,1
2019-04-30,186139600,48.844120025634766,48.42135058963168,47.41203308559278,55.94366407454037,1.009317504038897,49.89444965022562,46.15739971500876,0.007227754101393646,0.0109826916618176,74.23501434326172,73.53500387687394,72.23589742803603,74.15117019535276,1.299106448837918,75.17067195685671,70.43342502800657,0.025136925245875297,0.00400454433435396,0.010913272486156034,1
2019-05-01,259309200,49.0047004699707,48.711234406295915,47.62637103465622,70.61993482518204,1.0848633716396918,50.1825301306095,46.26360100342371,0.05656220510974075,0.01879452514287498,74.16522674560547,73.61251966602374,72.36944995235541,70.82745371181892,1.2430697136683335,75.22149615362673,70.68814968987914,0.017364155697767947,0.0041789199392490975,-0.03619631297057546,0
2019-05-02,127985200,49.18965148925781,48.90615379751481,47.80058136166085,67.26355405671042,1.1055724358539578,50.35585831478273,46.42003508731688,0.029636002926034744,0.018467841178740424,74.02188262939453,73.61862414686685,72.46446838488492,64.44997742979956,1.1541557619819258,75.24666228982292,70.87233871725715,0.006443223465372627,0.004461075510680108,-0.040305803432403975,0
2019-05-03,83569600,49.545701599121095,49.16667016603116,48.00790942323198,70.16185136314954,1.1587607427991813,50.62693741527773,46.53272444995664,0.038703015696959886,0.018705350657132278,74.07469482421875,73.73115266416077,72.60414180150659,69.74503446033336,1.1270108626541884,75.29970565339407,71.12861465910593,0.013107107793093986,0.005247124839081791,-0.06522155086586168,0
2019-05-06,129772400,49.730656433105466,49.26689248423791,48.14199874257591,62.64938823590195,1.1248937416619995,50.70631881213977,46.72766785167859,0.019312545981973628,0.01969180166170309,74.00868072509766,73.73786929906151,72.6908580229517,61.600163363701604,1.0470112761098136,75.27621100095052,71.36995522829753,0.0029486433637166964,0.005950170501220225,-0.10574071635098381,0
2019-05-07,155054800,49.83531875610352,49.14508787221723,48.16667753987425,52.28719948121233,0.9784103323429818,50.697817085034664,46.80212149833935,-0.022267120191036494,0.02110809701788284,73.60128173828124,73.49980988278462,72.65379321334504,45.752647627388285,0.8460166694395781,75.24674989498848,71.43148115359551,-0.029169293264582175,0.008002568461295994,-0.0664174537297858,0
2019-05-08,105358000,49.471143341064455,49.04349255691518,48.19023611638386,52.34759590811757,0.8532564405313252,50.67671517735984,46.90446844690774,-0.020564029716339083,0.0211199277735864,73.21463165283203,73.2853169899103,72.61318675895663,45.08349275506018,0.6721302309536696,75.17540314549228,71.56035353785734,-0.0306796085437393,0.00794603404611571,-0.055420001513771355,0
2019-05-09,139634400,49.068260955810544,48.87738578245888,48.17346296131463,48.72658329425804,0.7039228211442534,50.67566996577185,46.90790318486291,-0.02221366103564726,0.021189599060606832,72.80723571777344,73.028378855495,72.53926322986436,41.32307137900213,0.4891156256306459,75.2273688679583,71.46689459029365,-0.037027568500124564,0.007956781471229763,-0.04936221817735853,0
2019-05-10,164834800,48.40822525024414,48.63460822593275,48.10871249492384,44.49830194365924,0.5258957310089087,50.70009759526624,46.85932585138903,-0.031133777726518486,0.021511598118541326,72.30553588867187,72.84579139522955,72.48758153607956,43.65896598655995,0.35820985914999426,75.23796541537062,71.4468681112407,-0.030295038411632613,0.008249693677361997,-0.041485056014741506,0
2019-05-13,229722400,47.3546646118164,48.00625496690253,47.84512727620625,32.09114388859611,0.16112769069628285,51.282109573011134,45.98017298924473,-0.08882659535358084,0.027552892452431327,71.37757415771485,72.27490073999893,72.23924232127592,28.862496181113016,0.03565841872300268,75.82920200274218,70.52556484296095,-0.06706547617515568,0.013569806745423858,-0.014161033213150542,0
2019-05-14,146118800,46.71074523925781,47.58307199404223,47.65330789599175,36.94825607931545,-0.07023590194952334,51.538056391929985,45.489007359290724,-0.05622901301401961,0.02831346736290685,70.9890380859375,71.96303950836447,72.09172827780178,38.14460973151441,-0.12868876943730356,76.0130515121539,70.12575769194767,-0.05361458315346135,0.015239295785368609,-0.010919313270352893,0
2019-05-15,106178800,46.17334060668945,47.308398634945284,47.51585510072659,40.47285112419816,-0.2074564657813056,51.66238363284563,45.183197040372136,-0.08961031476472459,0.022135816595731852,70.77024993896484,71.81667425234507,72.01172361605633,43.586089805485,-0.1950493637112629,76.06433216127081,69.89812587705927,-0.04088651965944179,0.016084882672138506,-0.04263580193594796,0
2019-05-16,132125600,45.69982070922852,47.04498331197594,47.373658355164956,39.58709515993692,-0.3286750431890155,51.75166413341353,44.79956763233355,-0.08767843774691852,0.022173451484773427,70.77968139648438,71.79293612180099,71.98584604477873,47.798943739511564,-0.19290992297773357,76.04204275235732,69.76858499422472,-0.027016469573815982,0.01660313985262396,-0.05481942679395657,0
2019-05-17,131516400,45.307377624511716,46.78223453189581,47.22280338377904,38.42271474736832,-0.4405688518832278,51.81354742588958,44.39998330531159,-0.10400088718956468,0.020942220307881898,70.62879180908203,71.68434786102512,71.91927318418459,44.62614007912454,-0.234925323159473,76.01984733449312,69.56067634714749,-0.043886273986268765,0.016102673361172767,-0.05306872537674634,0
2019-05-20,154449200,45.18120193481445,46.341803618334914,46.978109325258366,32.74680674495326,-0.6363057069234515,51.98808444669416,43.72996670076678,-0.11840435176790576,0.021914367457599424,70.77213134765626,71.40240200995996,71.76611960232658,38.68704845676824,-0.36371759236662626,76.06609209929142,69.14381009187069,-0.053176835289041824,0.016608101632015194,-0.026544190606690554,0
2019-05-21,113459200,45.08236999511719,46.09866551471789,46.813909074855836,38.552511275614386,-0.7152435601379494,51.88451255823396,43.35176444982269,-0.07661153401624399,0.023297911558372023,70.86454925537109,71.29586205041984,71.68788054089123,44.23868530500537,-0.39201849047138637,75.87895055502595,68.96599115639982,-0.020509501486501325,0.016390095933606963,-0.049410453476216976,0
2019-05-22,118994400,44.691845703125,45.75195908167685,46.593995343381415,35.010276201682885,-0.842036261704564,51.82016296852913,42.85035209189567,-0.09569292724188827,0.023436940607416547,70.73063507080079,71.14912856903013,71.58819268018719,42.46408801905997,-0.4390641111570659,75.665901154142,68.77447054995955,-0.024457344631154343,0.01641844383906348,-0.02451042190593944,0
2019-05-23,146118800,44.191934204101564,45.343448690730774,46.33493209872556,32.39238392488784,-0.9914834079947852,51.8229821962108,42.251851482988414,-0.10147563646555413,0.02355166376627722,70.21949768066406,70.83490716658318,71.40437762633073,37.08313844338551,-0.5694704597475493,75.51379615030663,68.40035256185158,-0.035027885050736396,0.017081888366686435,-0.025547982806147118,0
2019-05-24,94858800,43.71073760986328,44.97232324142814,46.08279885217283,31.825641987232544,-1.110475610744686,51.784644953720694,41.70137608814942,-0.09235222234660267,0.023600786206014912,69.82718963623047,70.57193255704574,71.23557722472029,37.21409880632876,-0.6636446676745464,75.33189219753207,68.08621388156949,-0.037805250128578605,0.016982291170261888,-0.03168114415505263,0
2019-05-28,111792800,43.477576446533206,44.63098547768529,45.83619358735259,31.195254258950897,-1.2052081096672964,51.6703713165256,41.20167839660917,-0.04032933065504363,0.016242196049637787,69.6423568725586,70.31894847299904,71.06461120887006,36.35932230152948,-0.7456627358710222,75.0920527266683,67.80831882484537,-0.003000884054063846,0.012119501294018425,0.007911055410847245,1
2019-05-29,113924800,43.035240173339844,44.310791493250235,45.59275143857517,30.449144708694504,-1.2819599453249353,51.623675385849936,40.70816169605925,-0.059790238526232775,0.01468049428931476,69.20478057861328,70.04249652380267,70.87627043808136,34.60641231433085,-0.8337739142786944,74.78454933514598,67.54527549395559,-0.024567201591742416,0.010743798521154091,0.029089966922640098,1
2019-05-30,84873600,42.820307922363284,44.07381010122226,45.383689290908,32.335460079644136,-1.309879189685745,51.081504600368994,40.4968141862521,-0.06610120234813932,0.013889488950990724,68.9256378173828,69.87386330709985,70.733315636389,37.976280790281585,-0.859452329289141,74.39254673468147,67.42803050530875,-0.02908373883350246,0.010187239224142981,0.03881107102412629,1
2019-05-31,108174400,42.600101470947266,43.75408689848764,45.132720401466464,29.328050140060753,-1.378633502978822,50.55466896934819,40.22538970069575,-0.07896688382692885,0.014305015597409874,68.6634735107422,69.55417170907248,70.51572691665069,33.00976485598116,-0.9615552075782148,74.11380976445231,67.12113438837973,-0.053954511110536174,0.010064981318026104,0.08613723972528775,1
2019-06-03,161584400,42.32807998657226,43.41823135231857,44.868891175312555,27.802076053512593,-1.450659822993984,49.75239140454697,40.12481883104873,-0.08306859159301339,0.014290397006463266,68.15988464355469,69.10085727208477,70.22623809828045,28.817968122612072,-1.1253808261956806,73.70098432328064,66.7597166654889,-0.06301401766347947,0.010756102423522472,0.11125197807406106,1
2019-06-04,123872000,42.39572525024414,43.368019466647866,44.7372587990271,39.8705650451636,-1.3692393323792373,48.892017812953036,40.312566308751066,-0.01884312775856889,0.017942397695303893,68.14102325439453,69.05968370175502,70.12305224395904,43.332942909095756,-1.0633685422040173,73.07427564190664,66.89226717425547,-0.014580472152459278,0.015816407813036667,0.08444645139975848,1
2019-06-05,119093600,42.643279266357425,43.43255411169032,44.66690589979723,44.44503207507661,-1.2343517881069062,48.26052938528229,40.47528795175385,-0.021757835010832727,0.01757173523262194,68.3824478149414,69.16267599470918,70.09387308558851,47.935378269027325,-0.931197090879337,72.77198940906267,66.94841845836898,-0.013870176229463516,0.01588785696869787,0.06382190765116658,1
2019-06-06,90105200,42.97527236938477,43.58606547300028,44.64938531167929,48.355338102623904,-1.063319838679007,47.543395879242,40.78698742153925,0.013349373392764097,0.016985643950103862,68.70120239257812,69.3745956114336,70.12693089431662,51.75535411295726,-0.7523352828830099,72.51846072982056,67.04540188004273,0.0028156551729150436,0.016312578430024777,0.048212967336149104,1
2019-06-07,122737600,43.69874954223633,43.89790080757025,44.72076381805157,54.67536448901694,-0.8228630104813206,47.006977865695646,41.088325097561196,0.058388624199669836,0.017306615914476704,69.51222686767578,69.75557940896846,70.25463899810133,57.21886706731005,-0.4990595891328695,72.56530879246635,67.02213093531684,0.03971107376148608,0.015889169773116954,0.013620610824983448,1
2019-06-10,104883600,44.623721313476565,44.25143679172711,44.83003203186922,57.43990413100118,-0.5785952401421142,46.72933335085098,41.25562491636093,0.07604624396410942,0.017071783246376475,70.70801086425782,70.19111301552138,70.4273729872466,59.959052315549336,-0.23625997172521807,72.73528859094316,66.92664988561936,0.050067949336162654,0.015940807766364164,0.006802409319788927,1
2019-06-11,107731600,45.3515121459961,44.63287855577781,44.97083027084607,59.85959760509405,-0.3379517150682645,47.093732578116764,41.109275310677184,0.0930255673668785,0.01659995997161195,71.45867462158203,70.5596414518354,70.58731186608482,59.959052315549336,-0.027670414249413966,73.13504260777039,66.87205044032531,0.05308490702830393,0.015808729222436826,0.01868508116723966,1
2019-06-12,73012800,45.91043243408203,44.932758177943306,45.090183295216995,58.857751846067714,-0.15742511727368935,47.32218577936524,41.013475155083,0.09476845175631876,0.01646008468437059,71.94905700683594,70.80908823343404,70.70536621172495,57.60021601383778,0.10372202170908906,73.37932090355072,66.82109642433015,0.0533994067907857,0.01578566007865675,0.018950445315974562,1
2019-06-13,86698400,46.33885650634765,45.185025892341756,45.19998440827745,58.78936465600169,-0.01495851593569597,47.462601479726096,40.950539770884255,0.08889523525984244,0.016693457871472764,72.32061767578125,71.05352955877412,70.83074329590418,58.539826188895326,0.2227862628699313,73.58550870567339,66.7535377725981,0.050061746564655785,0.01579841826716942,0.02735000226477835,1
2019-06-14,75046000,46.463111877441406,45.346448370931306,45.2765983041957,56.306511263049835,0.06985006673560434,47.56360661918748,40.9133419281758,0.10093109237010767,0.01502772895257712,72.3036392211914,71.1631554762644,70.90002883120468,54.734697741360094,0.26312664505971384,73.6005383605643,66.74888027957242,0.0585615351547466,0.014749602389339063,0.03133736307900703,1
2019-06-17,58676400,46.525960540771486,45.525476009440375,45.36797087582863,57.8693362934888,0.15750513361174256,47.743037713709654,40.85121201163214,0.11881116888634602,0.013441798844320877,72.15086669921875,71.2646215940236,70.96837375050058,55.016699741021554,0.2962478435230196,73.69388697543089,66.72908894619998,0.07829519741088453,0.01249545440635186,0.024189182217605243,1
2019-06-18,106204000,46.70059432983398,45.84524542389095,45.53360097416497,63.45172626049408,0.31164444972598204,48.2234827806507,40.73922130565302,0.10470942136568784,0.01116003166994231,72.25837707519531,71.55069515362693,71.12805715649648,61.029835039318804,0.422637997130451,74.08631909407441,66.66389681779083,0.06233719854193742,0.009587390433222103,-0.014512428263038557,0
2019-06-19,84496800,46.87714462280273,46.094414984014996,45.67665627716736,62.32062735676044,0.4177587068476356,48.589438000519955,40.64361024777106,0.08398180653804554,0.01162489665773142,72.49979858398437,71.83338098786462,71.29547166906502,62.13579454941412,0.537909318799592,74.45683517725234,66.56120681493516,0.05247475884172248,0.009291046530799405,0.009754051094523764,1
2019-06-20,86056000,47.1318962097168,46.36392902587477,45.837367386718185,64.20445732688859,0.5265616391565828,49.0220877394452,40.611078764461055,0.0768815943667629,0.011398178706998182,72.91285247802735,72.2379725771715,71.53012016160534,66.32597800354165,0.7078524155661654,75.0385402306676,66.39161495121716,0.05561474734742844,0.009569243045717248,0.0014039343807974447,1
2019-06-21,191202400,47.421668243408206,46.56688335599109,45.97409070411912,62.75925711021011,0.5927926518719673,49.355429221727675,40.73638634528892,0.04538480793077082,0.009615879408144828,73.38186645507812,72.52615647417817,71.72130888353938,63.834699047186064,0.8048475906387864,75.47220476824539,66.45839825909836,0.0314564573572631,0.008830194424299304,-0.00432637295480498,0
2019-06-24,72881600,47.64667663574219,46.73123514474787,46.097133613659196,62.315115124518904,0.6341015310886746,49.61803772920654,40.9441815090747,0.031156136255949374,0.009277634185392942,73.86795501708984,72.79184440919042,71.90885104414815,64.41511672764221,0.8829933650422674,75.8691109331021,66.57424767895843,0.02295990441098561,0.008471535605132852,0.014956026431389047,1
2019-06-25,84281200,47.508506774902344,46.759218645428184,46.15757763480814,55.90133038337955,0.6016410106200425,49.71314448184399,41.26502476864429,0.003901487004172477,0.010356013278125544,73.82120208740234,72.80699682054694,71.98155356554516,55.24835328448237,0.8254432550017867,75.9927275425368,66.84691097675032,0.004185172603421661,0.010716866757504787,0.036610764600245815,1
2019-06-26,104270000,47.60110168457031,46.9390037942911,46.28870685541769,61.84470553674784,0.650296938873403,49.87762526358295,41.6383537403233,0.02888934002237442,0.012200415203086176,73.87873992919921,72.94066535356376,72.1070564336645,58.880635547970655,0.8336089198992624,76.14243436988424,67.21258729759622,0.020708992809785665,0.010936438013773902,0.02307292324548782,1
2019-06-27,83598800,47.61453628540039,47.08891540443922,46.409056663183335,61.71764421174906,0.6798587412558845,49.989053093672275,42.04122759175252,0.02879233425407013,0.012203133692138768,73.75911712646484,73.08288796142895,72.23728279448102,59.72880270229068,0.8456051669479336,76.29586472448216,67.55103011194362,0.02026515001825735,0.010933321806983996,0.02247906843655101,1
2019-06-28,124442400,47.57327728271484,47.14859567424905,46.488151514666285,57.83594093224832,0.6604441595827666,49.82814751514031,42.75025595776008,0.026875413004102233,0.012387076573882314,73.70801391601563,73.20177471435815,72.35716198418382,59.66255794074959,0.8446127301743331,76.21777222131863,68.23510100866184,0.029116168923575048,0.010310851510545702,0.010610514353152078,1
2019-07-01,109012000,47.715763854980466,47.333058315785856,46.625888650190134,62.85399383349432,0.7071696655957211,49.4996478982791,43.756413274206245,0.03950698269759467,0.013329217590350885,73.86322479248047,73.48291436354644,72.55508942491701,64.86779460368314,0.9278249386294277,75.83991825401866,69.45511043250478,0.04464462977946648,0.011043464891727186,-0.001537868684903354,0
2019-07-02,67740800,48.059268951416016,47.532688325872286,46.77438974138699,64.33967454473697,0.7582985844852956,49.381871094458646,44.42807000661557,0.02156702524229126,0.011493579602870525,74.3307388305664,73.75137450352969,72.75307578406668,65.67553891735658,0.9982987194630084,75.81327600213831,70.12122030523474,0.02877034452005023,0.009941577830524413,0.00246622394913687,1
2019-07-03,45448000,48.280435943603514,47.76360659481111,46.941742877134224,66.40020801172437,0.8218637176768837,49.3474747911572,44.9870825513721,0.033052028812248224,0.0114856109042424,74.75661163330078,74.0673486258833,72.97915952590087,67.97881067861195,1.0881890999824293,75.9542192638564,70.58788431280377,0.032935196231842934,0.010056902788883897,-0.013013036765010755,0
2019-07-05,69062000,48.495845794677734,47.95235612109017,47.093501072577986,65.96044193730506,0.8588550485121829,49.307662660719046,45.48290473735224,0.023914561954374802,0.011424454628295585,75.11623687744141,74.31287014888443,73.17798019252974,66.79184806080066,1.1348899563546837,76.08802595411869,70.96638612473872,0.01611550111864246,0.009313320290673935,-0.00455376498143667,0
2019-07-08,101354400,48.59659652709961,47.95669992097053,47.159211424262026,56.530207516161305,0.7974884967085032,49.24616545348528,45.781161511846754,0.0062382363560129495,0.013506388278310752,75.36229400634765,74.43180358751759,73.31931036345347,62.047414089144446,1.1124932240641243,76.21236979283177,71.16553700648464,0.0131528030093786,0.009575279897754066,0.02594749298447807,1
2019-07-09,82312000,48.58172607421875,48.005400022334136,47.24173284319328,58.38691488416462,0.7636671791408531,49.264352242531864,45.97071131032458,0.013395157341786312,0.013593057440290069,75.42664947509766,74.57321223218135,73.4698029126667,63.335003314291136,1.103409319514654,76.39872329089567,71.25562470104768,0.014784989600828302,0.009599465645591486,0.016199083601833753,1
2019-07-10,71588400,48.605712890625,48.12004424403333,47.35349985209592,61.291032160239105,0.7665443919374084,49.383999647795314,46.05304182559336,0.03916727889383598,0.012460462637763053,75.57050018310547,74.78458862930368,73.65331075717113,66.11969337139905,1.1312778721325571,76.6628117719801,71.32759731615465,0.04193729836730231,0.006722927174734683,0.0005906253946694751,1
2019-07-11,80767200,48.47809753417969,48.16243440522021,47.43069099577386,58.0464645719027,0.7317434094463522,49.41038907015499,46.20800082242313,0.009759637682007272,0.011183364116712387,75.65567321777344,75.0071244512828,73.84425599531905,67.38984691008177,1.1628684559637605,76.90011809780955,71.49529358431934,0.034682049200359444,0.006306077523803595,0.019380431858437186,1
2019-07-12,70380800,48.43347930908203,48.255504095207364,47.52970554350444,60.41024913930477,0.7257985517029226,49.463096112009566,46.374782687428905,0.017822939060452514,0.011361506111452457,75.88092041015625,75.28133214913233,74.06242032805872,69.7888142875305,1.218911821073604,77.21590164400398,71.61866180204093,0.03959057383618991,0.006412133021599861,-0.0034926257489981127,0
2019-07-15,67789600,48.682474517822264,48.40474452117756,47.6553249005792,63.16452973562534,0.7494196205983599,49.50104135592863,46.63596692959383,0.0368333235843703,0.010878817827077975,76.27272491455078,75.55265951418468,74.28334919427456,70.84558103628889,1.2693103199101188,77.42217732640579,71.9402723195903,0.04318299393992486,0.006261772269107623,0.009794572877779961,1
2019-07-16,67467200,48.838871002197266,48.50481967202855,47.75902179695919,61.45286924154074,0.7457978750693641,49.49101334824043,46.90050543532891,0.01463630285353501,0.00973839576213349,76.46767578125,75.67159099066829,74.43463548442668,64.05283334807586,1.236955506241614,77.38598281441774,72.42676971854125,0.017280365255015084,0.0061332847662258876,0.021222540317359817,1
2019-07-17,56430000,48.84462966918945,48.54705984530721,47.83460394520961,58.67960233989602,0.7124559000976021,49.543374216350536,46.96568492671587,0.0030583059582995897,0.009843580332221376,76.50364532470704,75.74165491991343,74.55999630267372,62.276284599561784,1.1816586172397052,77.44366643865436,72.66937677423627,0.01195169869553303,0.00626940304692583,0.02616174177628272,1
2019-07-18,74162400,49.0322151184082,48.66805179800484,47.94563384096014,62.354767192965646,0.7224179570446978,49.66636062028562,47.02956452009524,0.006115196821130819,0.010161723187619766,76.59639282226563,75.88829400299767,74.71813057358389,65.24282802792104,1.1701634294137762,77.58033385639565,72.86337494487388,0.011735376823934107,0.006245035195975212,0.006612805908965846,1
2019-07-19,83717200,48.99814987182617,48.657130160962026,47.993887716239136,55.31336545410056,0.66324244472289,49.686391517014606,47.08461411347856,-0.008030486133605796,0.011304497185439766,76.51121520996094,75.96141591419514,74.84001619226518,62.17144132766464,1.1213997219299614,77.69966101573246,72.93408379627925,0.00925611848025265,0.006423449986734006,0.025421314049578925,1
2019-07-22,89111600,49.09457855224609,48.818757869446834,48.12083753474833,62.23891646580919,0.6979203346985017,49.86997287316074,47.10349056678067,0.03599621047329005,0.011173400724871767,76.55096740722657,76.15869362098063,75.01806840086041,66.66249922476095,1.1406252201202136,77.93316906555891,73.01383105651139,0.028737518370877124,0.006439902791173454,0.011871614597602553,1
2019-07-23,73420800,49.30279388427734,49.01530429904967,48.26716880342366,64.3223645351113,0.7481354956260091,50.10723669092234,47.11234071691457,0.03776540962403785,0.011229201442618394,76.81974029541016,76.39113745655993,75.21447656022232,68.60469712113834,1.1766608963376086,78.21898501067857,73.06966016144058,0.030770925562864537,0.006493285934248431,-0.0002873036533099782,0
2019-07-24,59966400,49.55802459716797,49.17533969347171,48.399640326339906,63.92381652402905,0.7756993671318071,50.17133447284474,47.362483581354475,0.026767818960014234,0.011090486480441709,77.2569595336914,76.68682442049963,75.44400442407014,71.3234660628389,1.242819996429489,78.40986865672507,73.4210532793101,0.031152500576118625,0.00652529557837251,0.02094223959929753,1
2019-07-25,55638400,49.62327117919922,49.24986288647577,48.49298107609236,60.035316628210694,0.7568818103834047,50.25365948388671,47.4533504038086,0.02612139680171488,0.011154566432078895,77.51626892089844,76.88752157057601,75.63269712569429,68.14599187073985,1.25482444488172,78.55554756222958,73.70692573488955,0.023091429647172257,0.0068999240591216034,0.006810722043926409,1
2019-07-26,70475600,49.87035140991211,49.33949356713965,48.59220190829226,61.146068986181426,0.7472916588473879,50.3413531698853,47.55756002286372,0.02183990116455803,0.011021726279678807,77.87588653564453,77.08354509810458,75.8200287830141,68.93495034121426,1.2635163150904845,78.68481981035431,74.00730970624726,0.017869636709571424,0.006672245205792837,-0.01790729296874194,0
2019-07-29,86693600,49.988373565673825,49.48692856372153,48.71854406656112,64.04554065466125,0.7683844971604046,50.42460256861617,47.75640901280473,0.021782464869735785,0.011017634560049049,78.05001831054688,77.24213506498272,75.9899807163325,68.42812421090838,1.2521543486502225,78.7110809811965,74.40692133813944,0.013880464867979114,0.006687625951464635,-0.07792838858386841,0
2019-07-30,135742800,49.985494995117186,49.578465216853914,48.81953464008119,61.74339709647752,0.7589305767727268,50.5332774017827,47.82116557612258,0.02092913935068408,0.01106826570478489,78.03866119384766,77.29915935787,76.11018903132639,63.12715908993077,1.1889703265436111,78.76237172873174,74.61399164407099,0.016862978255854255,0.006214628251821829,-0.056422758307503096,0
2019-07-31,277125600,50.195149993896486,49.81313354605938,48.98874017464476,67.6673726215485,0.8243933714146223,50.87981266359277,47.721945911846674,0.04765186684019418,0.012058839864945192,77.66389617919921,77.16686986418627,76.13456596596338,52.81787544029259,1.0323038982228923,78.71112965803962,74.78637095231193,0.004101975532663005,0.008138379171332397,-0.06571524310313459,0
2019-08-01,216071600,50.262793731689456,49.84156825235223,49.06349713481647,57.32285134222827,0.7780711175357595,50.95237484748142,47.74581393425686,0.013468565935868648,0.014342266306428089,77.27587890625,76.99523904373453,76.12839585968831,49.91530540189017,0.8668431840462176,78.70148788500323,74.82061904859053,-0.008390912467712175,0.007898911609889942,-0.023988787384128574,0
2019-08-02,163448400,50.084320831298825,49.70288049181156,49.05435644400325,49.523483792862486,0.6485240478083156,50.95238454682252,47.74076616423705,0.007058794162500881,0.015239129213596153,76.60584564208985,76.65928044911551,76.03084862406035,41.97750203106518,0.6284318250551593,78.79309382419734,74.64384007472844,-0.02032484747922092,0.009278150040563175,-0.011108432358202358,0
2019-08-05,209572000,49.30039520263672,49.19139009331922,48.85612210752977,36.55261640857441,0.33526798578945005,51.26989758660231,47.263013332587136,-0.06698190978174567,0.02072055898594839,75.3206573486328,75.89453552087117,75.70918860861346,29.325885627118595,0.18534691225771383,79.53992152984605,73.55726246063247,-0.07191888894343212,0.014477706401107703,0.040869271613656055,1
2019-08-06,143299200,48.735243225097655,48.893661913021916,48.73760616781547,42.14500202187932,0.15605574520644439,51.37106272478241,47.06013882856231,-0.056693851496221526,0.021853431862354677,74.37427673339843,75.43089773190302,75.49968500001825,37.11870508182474,-0.06878726811522995,79.80353106806174,73.04664593389137,-0.06165462397155608,0.015929007462149095,0.06479159774870968,1
2019-08-07,133457600,48.06358337402344,48.71702317275983,48.664117570297165,45.05213307339703,0.05290560246266551,51.41141937229003,46.91927444484864,-0.046149227870229015,0.02240376789055878,73.75344848632812,75.10847291369859,75.33934806768906,39.84001219232569,-0.23087515399046765,79.941956768063,72.64701799389991,-0.06356492254245272,0.015733229863993777,0.02250954942470962,1
2019-08-08,108038000,47.82370529174805,48.729568642425384,48.67407691513337,50.783394298152494,0.055491727292015014,51.40961592145138,46.96137673907108,-0.01734144630324641,0.023851871459422917,73.56985168457031,75.11229023812356,75.32408417544994,49.21025578654394,-0.21179393732637664,79.92393956990449,72.55525659708769,-0.036645989041996896,0.018554734686530495,-0.0045394665458435846,0
2019-08-09,98478800,47.71497573852539,48.6783196270868,48.65351196162161,48.69473428843727,0.024807665465189643,51.41183895837181,46.922059967409446,-0.028816803374282496,0.023868662474235292,73.46385650634765,74.98448132265804,75.2468581096831,45.588097823638286,-0.26237678702506173,79.88933950127175,72.33906244574975,-0.049642516447601204,0.01858146254494747,0.027414551410323673,1
2019-08-12,89927600,48.09406433105469,48.61606058665157,48.62537299144651,48.04479718532451,-0.009312404794940221,51.39910481894559,46.83960100686008,-0.04024399344966112,0.02349794338018663,73.78751831054687,74.72636841709887,75.10314620796757,41.796427342236676,-0.3767777908687009,79.87463343687878,71.97994725159779,-0.061546061730266444,0.01867971131661525,0.04923228184056372,1
2019-08-13,188874000,48.706424713134766,48.877891085903194,48.75074972036063,58.07571511590136,0.12714136554256328,51.523871950919755,46.841106457893716,0.004713118781074055,0.027659993346222846,74.23988800048828,74.79042532866599,75.10607895865776,50.1981945009886,-0.3156536299917718,79.82578617280424,71.91049693876803,-0.03182535419720545,0.021123823653158944,0.006651807039751434,1
2019-08-14,146189600,48.92137069702149,48.86902169126454,48.755897150019244,50.398638160131846,0.11312454124529836,51.52450482155926,46.844559509495426,-0.04468491419101195,0.028255954029328716,74.13957214355469,74.48936868254911,74.9377440083058,41.98855478501062,-0.44837532575668604,79.88358159903359,71.52335657235312,-0.047171043878515784,0.022639236374377297,0.04877936147970141,1
2019-08-15,108909600,48.87706680297852,48.82410285497324,48.74264915782309,49.259970583245476,0.0814536971501525,51.50095390689472,46.79246459591289,-0.02841935763216652,0.02759693446377385,73.65313262939453,74.21424857010466,74.7720657818876,41.568561349626826,-0.5578172117829467,79.86225730521197,71.14530876534467,-0.04405161939095881,0.022654864414884863,0.05313761025246855,1
2019-08-16,110481600,49.1424201965332,48.96242810966937,48.81528381357679,54.479927174684335,0.14714429609257706,51.5557784377283,46.85025565040646,0.016001586362149434,0.027868532421658196,73.61338500976562,74.1940248192352,74.72100862689246,47.470569813554505,-0.5269838076572597,79.77277919156708,71.00670765535673,-0.009740667004293657,0.02331183805236214,-0.01869257178735162,0
2019-08-19,97654400,49.61774444580078,49.222094109811884,48.951207761504115,58.22347595449156,0.27088634830776925,51.681904769557946,46.81838400302506,0.09211364095292196,0.020595559885237393,73.99383239746093,74.35017244319901,74.75715497860412,51.748600236833575,-0.4069825354051062,79.58343121700462,70.99258196658913,0.04910897820184812,0.01867380347026802,-0.018350445910616298,0
2019-08-20,107537200,49.68468551635742,49.44218181362087,49.07724157062013,58.233080760354625,0.36494024300073846,51.76263164508392,46.79329257976959,0.07187438599448259,0.020453187740764666,73.93137054443359,74.42405807919123,74.7625826896074,50.2666838918936,-0.3385246104161723,79.29524432392574,70.99685391215823,0.026749662187766976,0.01842453240447613,-0.02947336901462927,0
2019-08-21,86141600,50.16096954345703,49.71287078940997,49.234605910296416,60.46560308696637,0.47826487911355287,51.94516185035795,46.72537495384127,0.07238691235254402,0.020462163009047574,74.50677032470703,74.62198084089619,74.83280293706414,53.59404168082666,-0.21082209616795922,78.90179162786634,71.13005193902819,0.032391289262803324,0.018621021827759644,-0.033436749005826716,0
2019-08-22,89014800,50.677223205566406,49.935247216565045,49.37710306997209,60.192055473015145,0.5581441465929586,52.14249039861097,46.677904117380244,0.04835692730255792,0.019888374632939406,75.07270050048828,74.76178976238391,74.88450189213839,52.81655537050452,-0.12271212975447554,78.52995228715754,71.25582957319402,0.005289976411142705,0.017104020414938206,-0.01623820003600074,0
2019-08-23,187272000,50.49133224487305,49.75963413817523,49.33389263568017,47.552835625443585,0.4257415024950575,52.0962412263024,46.62028327931284,0.00820953115271661,0.025510516597322966,74.86260070800782,74.49571368002496,74.74730139842819,43.3964911965566,-0.25158771840322913,78.01733951578714,71.25550441731832,-0.016817599503873626,0.019944398727475665,0.030102669128399206,1
2019-08-26,104174400,50.305441284179686,49.75366001032195,49.36255261134304,51.82399335381679,0.3911073989789102,52.03770381033047,46.62111882150546,0.029978401604976,0.026071086709497558,74.62979125976562,74.42636344214252,74.69527441586233,47.48476635986289,-0.2689109737198123,77.3966250485639,71.46927460963921,0.010069873825800713,0.020024901995951184,-0.00382583717520546,0
2019-08-27,103493200,50.0068603515625,49.66229070434694,49.34753090098314,49.211973213366015,0.31475980336379905,51.96895842912752,46.59764847394866,-0.023017613138374582,0.02239520685774731,74.44997863769531,74.35020998439704,74.63868860482044,47.074112619750075,-0.28847862042340466,76.81109586040091,71.6866610976069,-0.016120950636245412,0.018185363716779614,0.02463766406537604,1
2019-08-28,63755200,49.66445693969727,49.63572953397415,49.358057730312076,50.78274267443725,0.27767180366207356,51.751427081202024,46.65376319589758,0.013711589207413333,0.020256499705271238,74.10739135742188,74.29596531432153,74.59120201401198,47.36011057553537,-0.29523669969044875,76.4731588496529,71.78043230635295,0.015982502377849706,0.01500364535630307,0.037707271016501176,1
2019-08-29,83962000,49.49831314086914,49.74217092440541,49.42987557042061,54.621952494247466,0.31229535398479413,51.79369741007939,46.644456810501666,0.036036551071753076,0.02065281253252334,74.05818023681641,74.44807576250885,74.64257099279176,52.70661557537669,-0.19449523028291082,76.32493288140516,71.8519996442296,0.03553722989120556,0.015717615342448952,0.0203336173711699,1
2019-08-30,84573600,49.79207763671875,49.822234580078316,49.491557727150884,54.26824838461344,0.3306768529274322,51.897311351579056,46.67309155674614,0.010847401037374027,0.019459632339182575,74.50487365722657,74.57387369583081,74.68873331399989,52.62200029613195,-0.11485961816907775,76.38743573229293,71.83492220838089,0.015968190085044798,0.01477315672417178,0.026012984938185157,1
2019-09-03,80092000,49.754032897949216,49.7773644313403,49.49444816316054,50.3174509505287,0.28291626817976123,51.66815078002108,47.217490699471114,-0.022106077267675328,0.01898985930149269,74.56543884277343,74.53908744439892,74.6634762582609,48.54956434457409,-0.12438881386198375,76.21466946511417,72.27362094015926,-0.011451042992183247,0.014526329443907653,0.05347576243763186,1
2019-09-04,76752400,49.99626922607422,49.8686839283817,49.55937357049009,54.41996695087766,0.30931035789161143,51.60472205439386,47.592397849170595,-0.005561859913910561,0.01992971346205608,74.90234985351563,74.70475414841567,74.73402772213105,53.86164561662441,-0.02927357371537198,76.33259625965012,72.4291972584163,0.010496958965042769,0.015501109449603269,0.06883699725243941,1
2019-09-05,95654800,50.369493103027345,50.0974652442752,49.69243941576411,58.72170175843612,0.4050258285110857,51.732182435638265,47.82596270596329,0.0030097134540010284,0.020651838457464957,75.54210510253907,75.08808364466302,74.91642536301197,59.476988601759366,0.17165828165104813,76.83024108366503,72.31767838044631,0.01962526656330299,0.016437238528451942,0.045995927236964995,1
2019-09-06,77449200,50.574161529541016,50.290307622747584,49.81529136306645,58.692494824936205,0.4750162596811336,51.92258499983113,47.89079733964641,0.0037652359888407094,0.020647776038078235,75.91119384765625,75.40224415365716,75.0804032585759,59.151908832124995,0.3218408950812659,77.19541795372551,72.15218565345224,0.021175327387521037,0.016398642029635584,0.025743423333529636,1
2019-09-09,109237600,50.8356575012207,50.48719330304453,49.94527456170432,59.67410379613687,0.5419187413402042,52.08034604694185,48.050397742731,0.056898714345220425,0.01250044268770125,76.16861419677734,75.57926260304946,75.18947443014117,56.266930150671556,0.3897881729082826,77.43598889911847,72.13874788677019,0.04820564432092844,0.011561182031086954,0.026754553275986526,1
2019-09-10,127111600,51.365394592285156,50.747511882361295,50.11075526591908,62.352646719682326,0.6367566164422129,52.301349754559055,48.21995685554836,0.049445335702519966,0.011834639594678934,76.53202667236329,75.6693491932654,75.26172265305317,54.348067149509326,0.40762654021223454,77.5507935062946,72.30975107988705,0.028629753602649632,0.011457681206609383,0.018458555449249126,1
2019-09-11,177158400,52.05887145996094,51.223021669765444,50.386871579590874,68.49082159321141,0.83615009017457,53.03050663043445,47.842836646543084,0.0951706441313902,0.013065343187606705,76.80079956054688,75.86787784990547,75.387505083303,57.54254382483478,0.4803727666024713,77.79421235065291,72.24803694744278,0.04096258002305797,0.0115694856226094,-0.0036676507436835815,0
2019-09-12,128906800,52.53130264282227,51.60685193533939,50.63361578821348,67.62901032453507,0.9732361471259097,53.54373254509617,47.81937856940578,0.08543757914744554,0.013552669399404913,76.83675842285156,76.0999259015426,75.53481509087662,59.15480918592439,0.5651108106659848,78.01104205944344,72.48547054431631,0.0456578275569397,0.011519305547732766,-0.009547764743644827,0
2019-09-13,159053200,52.795692443847656,51.77085774674451,50.78467311571416,60.512227468224694,0.9861846310303477,53.70022075822998,48.07247440168212,0.04660049762458773,0.015696677253298423,76.77240905761718,76.20891885929807,75.6291532416971,56.03032853533906,0.5797656176009696,78.02304053464611,72.88420128664295,0.020239135426908472,0.011098921744821626,-0.004662844019090007,0
2019-09-16,84632400,53.07163925170899,51.95223326016603,50.94505278003047,61.66344427309251,1.0071804801355597,53.949376945779434,48.14597637148131,0.053463504005567763,0.015556039584322829,76.78565216064453,76.27202051015125,75.70248111933759,54.987565277688574,0.5695393908136595,78.11510416441917,73.04576619690897,0.017980516224957332,0.011171979334408767,-0.005366244029741951,0
2019-09-17,73274800,53.26427001953125,52.135338590558156,51.10782056726635,62.48280013268905,1.0275180232918046,54.212846003128526,48.13172339384413,0.07292140321302676,0.013951826259358088,76.93896789550782,76.37346414147714,75.79351245225847,56.42837051002807,0.5799516892186745,78.26434479970406,73.06876753550101,0.0347507570618919,0.010026755715673756,-0.013683473206380747,0
2019-09-18,101360000,53.22477798461914,52.36695808830732,51.29545351235238,64.59175852112821,1.0715045759549398,54.54304555124458,48.100343959863814,0.06491687644458977,0.013559486403290407,76.931396484375,76.45784325905939,75.87709881918464,56.36941741844224,0.5807444398747492,78.39545199511149,73.14681027295491,0.017271592643825606,0.008841183743905917,-0.007810687110193726,0
2019-09-19,88242400,53.12220077514648,52.49589258989586,51.4369037965213,61.34462937861399,1.05898879337456,54.75030876441286,48.09341796593382,0.03600900420089581,0.01339857783316038,76.87462005615234,76.55545322604003,75.96711431735123,57.23456983916736,0.5883389086887973,78.52976622428501,73.15067124519742,-0.0013483508965846935,0.005792504697106698,-0.004842486545860281,0
2019-09-20,221652400,53.073079681396486,52.48533745925383,51.51026531090658,55.940197955715,0.9750721483472446,54.84087291520295,48.1297504826242,0.020960541746918082,0.014581380230784176,76.75159912109375,76.49973356844312,75.98386699396671,51.43851525500097,0.515866574476405,78.56316401255468,73.18352711903712,-0.01214637572208599,0.006855472447382834,0.0050059308045156126,1
2019-09-23,76662000,53.01625137329101,52.51307893374663,51.595849883688096,57.18519928005007,0.9172290500585305,54.82058569657299,48.537227184896736,0.0212447377844589,0.014586111283620352,76.71389923095703,76.48909457932267,76.01695685657363,52.79731759644464,0.4721377227490393,78.38412613276117,73.70239349004157,-0.0015973789749725853,0.006590148591884492,0.024003573522383803,1
2019-09-24,124763200,52.87081680297852,52.49802756796289,51.65654582238915,55.41375321707973,0.8414817455737449,54.83036181546524,48.79689534090683,0.004522505093949913,0.014311175635123413,76.46564331054688,76.36617610738361,75.99274705325105,48.25971471723496,0.3734290541325578,78.27882463590063,73.97221372469508,-0.006232547964174606,0.007114957810459403,0.03174375135640739,1
2019-09-25,87613600,52.78702239990234,52.609391528360426,51.77249748817861,59.740184783748454,0.8368940401818179,54.820618638912116,49.21285189636621,-0.011449690981488958,0.010852927769514877,76.39965515136718,76.40091633853433,76.03713524262973,53.50150655885714,0.3637810959045993,78.15446164859094,74.3626388763114,-0.004779091435316518,0.007380142774220507,-0.009365314869765995,0
2019-09-26,75334000,52.73549346923828,52.661390938660745,51.85952639241075,57.68868589024414,0.8018645462499947,54.753562250732,49.62568274438519,-0.01434401636719096,0.010926054409243062,76.31667785644531,76.44345560488662,76.08456385945895,53.97716902625914,0.35889174542766966,77.96723223209746,74.8178484868967,-0.009030796347649361,0.007121320371468251,0.004229587660952827,1
2019-09-27,101408000,52.78798294067383,52.66575104008223,51.92102307429887,55.75337921015028,0.7447279657833548,54.723880107700616,49.89157819002887,0.0003197449109140216,0.009060907268463614,76.20845336914063,76.3217167449251,76.05253342654619,47.674327827811446,0.2691833183789072,77.93906602767117,74.88276167008274,-0.015053397948314062,0.007937617895324794,0.03742824238430442,1
2019-09-30,103909600,53.04081573486328,52.86022334382408,52.06982292171409,62.30746030081756,0.7904004221099896,54.808331427024285,50.17385050351771,0.018508520459534772,0.01168694701476375,76.212255859375,76.34138995191078,76.08194521645625,52.33619408618596,0.2594447354545366,77.90004716972064,75.04016355415632,-0.002212073029577155,0.008780392208779467,0.013796333818312467,1
2019-10-01,139223200,53.37358703613281,53.04774306977422,52.21865837658712,63.01762872670556,0.8290846931870988,54.677480703817004,50.75955352164686,0.017625913378870983,0.011675781874984985,76.22174987792968,76.24849836000023,76.05643776371817,48.206514216534266,0.19206059628206162,77.63004716561655,75.4491467125573,-0.015517843760031846,0.009074086617823062,-0.0008458357034508701,0
2019-10-02,138449200,53.27389907836914,52.99785237007488,52.25605060956056,53.212600365451486,0.7418017605143206,54.4544916601221,51.217793801303685,-0.017102852435823546,0.014037097739643652,75.76607360839844,75.95082265264743,75.9273391339766,41.20383488161652,0.02348351867082954,77.90093755120166,75.04802485114207,-0.03390869414760167,0.010554910053110626,0.036856012642086045,1
2019-10-03,114426000,53.318688201904294,53.02454174590771,52.32384932833298,55.66682778917166,0.7006924175747287,54.39206111793611,51.46178142661955,-0.0006333806062500669,0.014166594895853448,75.47557678222657,75.83914800438858,75.87530937879055,46.55468323945543,-0.03616137440197065,77.86347503608464,74.88834152275327,-0.02422252819817583,0.011576982889415733,0.0419797014695793,1
2019-10-04,138478800,53.713105010986325,53.27643003781584,52.497032018331325,62.68221711815564,0.7793980194845176,54.55602694893275,51.628903089519405,0.042621536380330616,0.015613804121998897,75.63885955810547,75.93598167979515,75.91925437995653,52.85943358732513,0.01672729983862098,77.78861669803374,74.89704385494477,0.0036130674424903475,0.012466643063755828,0.04052698578371117,1
2019-10-07,122306000,53.86191177368164,53.49141846705661,52.658278152372034,62.73351463350306,0.8331403146845773,54.68958153685425,51.805727529918215,0.038131068653843414,0.01566581672671352,75.57809906005859,75.96825989830323,75.93603480367068,51.17215071888512,0.03222509463255108,77.76727432088737,74.87767883463022,-0.003726126879371683,0.012506932108123642,0.03880069685356058,1
2019-10-08,111820000,53.85276336669922,53.57479401483065,52.760136032017655,58.153567970142674,0.8146579828129958,54.7305482143576,51.950170398313304,0.03087106565469777,0.016235313495427547,75.3806365966797,75.78087872742545,75.84820128396157,44.550946562971404,-0.0673225565361264,77.85846145025747,74.64503739007458,-0.012416972890242572,0.013487154971231778,0.048663064568155834,1
2019-10-09,74770400,54.241398620605466,53.7427687496659,52.901357791961516,61.17188555094384,0.8414109577043831,54.87961074048507,51.88393830126298,0.027145529609082786,0.015967527764209604,75.6901138305664,75.79320391268932,75.84914877638224,50.086654147591624,-0.05594486369291474,77.77649964720462,74.6171198901489,-0.009544016300322755,0.013832122913008813,0.03233062785051399,1
2019-10-10,113013600,54.68782196044922,53.99825817467223,53.086697956424146,64.3902318212307,0.9115602182480842,55.21255537652744,51.7195468268417,0.04638684595787845,0.01602347061557458,75.9217529296875,75.88396222374793,75.88870315847024,52.48799437508406,-0.004740934722306633,77.63023447110818,74.66407934114768,-0.0038380090152864144,0.014042846817751822,0.02255640133128778,1
2019-10-11,166795600,55.13087768554688,54.44115603530709,53.36746805363708,69.78449497045793,1.0736879816700053,55.95250756134575,51.40001509795601,0.07947208201503342,0.01700426847149591,76.11541900634765,76.12287530899164,76.00338420434889,56.985696670117356,0.11949110464274781,77.74495154064412,74.61221398669962,0.023591453667395568,0.013858828206049513,0.000846680705129943,1
2019-10-14,96427600,55.555154418945314,54.80332256754801,53.62137697521012,69.15781531702055,1.1819455923378897,56.507195679320674,51.22987097106996,0.053132338038047955,0.016254931801377,76.36414337158203,76.31772709626516,76.10605292449117,56.72510322996967,0.21167417177399273,77.86484598548223,74.5693527755041,0.012293320397057883,0.01357873940403268,0.01967171912393506,1
2019-10-15,87360000,56.08104019165039,55.089394232711896,53.84666670972146,68.09226949329123,1.2427275229904353,56.9367565337397,51.15234716499077,0.04777606790725386,0.01642265852752998,77.06284790039062,76.614046763246,76.26440492502076,60.24754842134242,0.34964183822523864,78.14128488383267,74.42415395894076,0.0330907040319417,0.013333373509665188,0.019717769380381167,1
2019-10-16,73903200,56.434521484375,55.29626223612281,54.038323713066745,66.19532032770826,1.2579385230560618,57.258367890001125,51.110052901624854,0.07037821852138526,0.013204171766277995,77.43119049072266,76.78153270479288,76.37094569970816,57.078803815379715,0.41058700508472157,78.26760690765776,74.37590963286958,0.04560536477177135,0.011550769582875937,0.03759009490704379,1
2019-10-17,67585200,56.684461975097655,55.50501457915319,54.232014731789235,67.13965098591036,1.2729998473639554,57.58256445817466,51.130668345170065,0.06548301379498267,0.013222890575224532,77.66472473144532,76.89988215608376,76.45834262107671,56.185415434127115,0.44153953500705256,78.33895638810556,74.3504097617968,0.030918825304519393,0.011366651517802301,0.03527721912798931,1
2019-10-18,97433600,56.69409332275391,55.72351249114194,54.43151371514411,68.32303898897396,1.2919987759978255,57.86772180005531,51.29530767992516,0.04140797990574119,0.010832889759313926,77.53941345214844,76.88610657535513,76.48441656628196,51.919404157054586,0.4016900090731639,78.37901874429082,74.37205394858029,0.004469470276431409,0.010927793161929157,0.04301847136289072,1
2019-10-21,87247200,56.917545318603516,56.06027956544642,54.6893644380313,72.230601711606,1.370915127415124,58.31841001025741,51.369303612789466,0.0592356923878119,0.011482119261406985,77.58878173828126,77.00151377252105,76.56973781003394,55.93802946755605,0.4317759624871087,78.5173133138353,74.35432670081315,0.019573810382381485,0.011230724226227033,0.03550769381560892,1
2019-10-22,82293600,57.14099807739258,56.32485996846368,54.91830427114443,70.96583560603304,1.4065556973192486,58.62533529369231,51.59885904224519,0.06934036103303454,0.010196533315863942,77.25841827392578,76.93850974749678,76.57138594335463,50.22236738420293,0.3671238041421532,78.53325852275086,74.42856780171203,0.024638105247278608,0.010319128495855317,0.013877219675791919,1
2019-10-23,75828800,57.565270233154294,56.66801951696025,55.18771854985161,73.85227647217766,1.48030096710864,59.09189645662374,51.66564825162821,0.07113603412686298,0.010301727664434228,77.04956665039063,76.8954232118242,76.57783493018947,50.5685414623924,0.31758828163472685,78.5375537175643,74.43091857247478,0.010512053802920862,0.009358771316328911,0.0003290565321858452,1
2019-10-24,69275200,57.96498336791992,56.97320392045074,55.444311112058784,74.19548671707545,1.5288928083919586,59.4660161421593,51.861961610526244,0.05862934757177962,0.010146055832506027,77.09513702392579,77.0313051801373,76.66678463949835,56.109177003095105,0.36452054063894934,78.67195636633234,74.40663936731023,0.018270042320527313,0.01017450466019319,0.021266070364241108,1
2019-10-25,73477200,58.45475082397461,57.3425707461281,55.73540571763617,76.66883768501611,1.6071650284919272,59.8738473405404,52.12256608109046,0.043901574977687874,0.007563184257853283,77.47676849365234,77.29087334165163,76.8187634239785,60.14540117920232,0.47210991767313715,78.99116697806654,74.3940632770604,0.016550262177347452,0.009963519476896292,0.037472756218437375,1
2019-10-28,96572800,58.86601867675781,57.746611821806404,56.04899327470291,78.49635344520459,1.6976185471034952,60.429946864854706,52.170368229139434,0.05587791031902345,0.0074589213740316185,77.89258117675782,77.66386463869922,77.03332293127349,63.93373754139438,0.6305417074257349,79.51713514050364,74.19466753283619,0.030054561577588235,0.010493335554738192,0.033929072481352573,1
2019-10-29,142839600,59.02638397216797,57.875114412622246,56.2366144145108,65.59315051492024,1.638499998111449,60.63616570631601,52.41442709763908,0.033868616873381274,0.011617680113383032,78.37294006347656,77.86846731635427,77.17854212476857,59.52328836982294,0.6899251915857008,79.78809489215085,74.24932652508546,0.009585130892747928,0.010707325067967706,0.05688698126860081,1
2019-10-30,124522000,59.0302375793457,57.982737590615756,56.40980335192334,65.53281409929392,1.5729342386924188,60.609967609507045,53.025746349233195,0.03793152070550421,0.011403340825723581,78.93684387207031,78.11608254592957,77.34886984208896,61.44535126098595,0.7672127038406131,79.94553327025656,74.60832415161843,0.02284683546777111,0.010425952251537165,0.05746936974328287,1
2019-10-31,139162000,59.27969589233398,58.277548685073306,56.66826308175048,70.83667521319785,1.6092856033228244,60.77403361603178,53.53444798186862,0.05729349731646094,0.012864545744715152,79.2672103881836,78.31829885985206,77.50306382315095,61.13877186233371,0.815235036701111,80.13771596431657,74.83669657230452,0.024238103900159125,0.010372947170529669,0.046023777866060156,1
2019-11-01,151125200,59.72467803955078,58.78854104482164,57.03350278113471,75.95221295821888,1.7550382636869344,61.43144726849493,53.570752667418155,0.08210324827159954,0.014717016125105212,79.59947204589844,78.63545388426785,77.71615587466233,64.90891019942309,0.9192980096055123,80.58229010102004,74.78324639800341,0.046471159953852315,0.009824280410434743,0.019939548451405997,1
2019-11-04,103272000,60.131615447998044,59.28315392719884,57.40165255884869,76.98668352524226,1.8815013683501505,62.04694511581263,53.688221815339716,0.07064150941407688,0.014348370630008728,79.81591186523437,78.96807880501751,77.9444047631422,66.45119648445095,1.02367404187531,81.03378030024966,74.79692877567807,0.040718895818852685,0.00959177849433017,0.021309164129216907,1
2019-11-05,79897600,60.79812469482422,59.6879648455129,57.73593199124806,76.20906730525934,1.9520328542648429,62.404827618682795,54.11844584933478,0.0715536340801497,0.014290024870834677,80.15767517089844,79.23492799990365,78.14871541563369,65.74409662210525,1.0862125842699584,81.19259572114875,75.23334498319694,0.053668942276994924,0.007704283811488684,0.02184289511810955,1
2019-11-06,75864400,61.47137451171875,60.03457243144211,58.04741215145581,76.28575687520834,1.9871602799862984,62.71657114391493,54.53413076038194,0.05781733694698343,0.01423473817095113,80.39499969482422,79.45487583502965,78.33507641656621,65.44377995200334,1.1197994184634439,81.40882986198407,75.49747049201984,0.052259624418378836,0.0078002739948841455,0.031192665296540856,1
2019-11-07,94940400,62.02273025512695,60.43783642993269,58.388773356653964,78.31711484059974,2.049063073278724,63.161565400225555,54.8143703450137,0.06826859312882916,0.014263347630319905,80.76903228759765,79.73884132968554,78.55474864869412,68.07213101222302,1.1840926809914265,81.74638543474842,75.65166678082775,0.045282288551865335,0.007155373612934886,0.012373393736157867,1
2019-11-08,69986400,62.26838150024414,60.80543932517742,58.71754979312578,78.78649502857292,2.0878895320516406,63.66855275332074,54.902399089940985,0.058159494508068565,0.014166884436203548,81.04434356689453,80.04922926589377,78.79190526101597,69.84197392501642,1.2573240048778018,82.18952127909391,75.64047750020298,0.038591496958990446,0.006665084319538233,0.021603799636036536,1
2019-11-11,81821200,62.532630157470706,61.193028362289546,59.058825220776185,80.1305075171278,2.1342031415133604,64.18272528664936,55.041179513765684,0.05596123678482656,0.014112249106752626,81.2437026977539,80.31770345936204,79.01430572489905,69.99115192895638,1.3033977344629903,82.56651569607412,75.70397304293955,0.026080241980481977,0.005942652631420266,0.018688199569547592,1
2019-11-12,87388800,62.80310821533203,61.51207248894452,59.37052818112957,79.49866889358567,2.1415443078149465,64.56968298483875,55.314624495019636,0.07997245275214615,0.01034116659774859,81.51710815429688,80.58722998168976,79.24062573449854,71.10775994495503,1.3466042471912232,82.96865145746787,75.68441937383096,0.03893779651343987,0.004312811674829221,0.016529257493631544,1
2019-11-13,102734400,63.18952865600586,61.87529462255642,59.70404582381789,81.17114037035805,2.1712487987385245,64.95021952335824,55.677985966754065,0.09045465785502915,0.009966648901314107,81.83419036865234,80.84304075373748,79.4635423467579,71.8468685791986,1.3794984069795788,83.33431284409687,75.77348744887189,0.03487801487827591,0.00425933676424698,-0.004839784308675932,0
2019-11-14,89182800,63.344581604003906,62.11464209010483,59.980120441432945,76.28495888662636,2.1345216486718854,65.15119216086848,56.154803398823894,0.05896664192698009,0.009773730767923107,82.00507507324218,81.04489218750744,79.6629151413123,70.82009605203712,1.3819770461951464,83.61139725978761,75.956830126687,0.034301519923950474,0.0043211958694645254,-0.002398835222608642,0
2019-11-15,100206400,63.61604309082031,62.43309141210493,60.291560607482765,78.64517262468775,2.141530804622164,65.41814702366553,56.61377970362939,0.041974118097019675,0.006317280437599261,82.21772003173828,81.3179222675093,79.89674273880912,73.65814809225398,1.4211795287001792,83.87219292183005,76.29695914726176,0.030353160758127107,0.003579455398942385,-0.014975634149823391,0
2019-11-18,86703200,63.852728271484374,62.75233795943134,60.60390381950082,79.58494866204846,2.148434139930515,65.75722408121469,56.93427219564079,0.040395593610671465,0.006270363584698178,82.47214050292969,81.5869209770301,80.13153319366731,74.64460807711774,1.455387783362795,84.18303664346948,76.52913147786842,0.02808128425542944,0.003495995773032288,-0.002733105166537353,0
2019-11-19,76167200,64.06187896728515,62.992373452526635,60.878619733948966,77.36852967717867,2.1137537185776694,65.93714933860862,57.40759858619607,0.03873319944955478,0.006441639193757008,82.70377655029297,81.83936484076526,80.36088674164074,75.29604987525163,1.4784780991245157,84.28445522660041,77.09129474288201,0.03129028760189567,0.0032334076355224257,-0.007510341266234399,0
2019-11-20,106234400,64.00005264282227,63.08029826523137,61.07752825255329,69.40229797988951,2.002770012678077,66.00104585994023,57.84455083500605,0.02620191521581705,0.008073121860464638,82.7987075805664,81.97556335008863,80.53598069791677,69.31683177677468,1.4395826521718647,84.15397367650304,77.8283970815536,0.025538668832461697,0.004239610518149205,0.01766782246850207,1
2019-11-21,121395200,63.96962051391601,63.11085122705575,61.24059227214859,66.59151907255657,1.8702589549071575,65.96745724518927,58.34085688750116,0.009944876780831668,0.007686512466739776,82.82908630371094,82.02654878683882,80.66716499354996,64.72208584702081,1.3593837932888562,84.0423413953665,78.39286063100069,0.012377725386977456,0.004395478243914804,0.019999298295618084,1
2019-11-22,65325200,63.7773796081543,63.12815998509284,61.38746381897439,66.03032926682847,1.740696166118454,65.95201246718732,58.74122865219745,0.00630463488661781,0.0076816213076489216,82.70567626953125,82.05362397911301,80.7808962930367,63.587188002952,1.2727276860763084,83.98810238208655,78.7955035749447,0.005457368768296389,0.004168535339323271,0.00909155414651619,1
2019-11-25,84020400,63.74211807250977,63.31334864761762,61.60556918730991,71.24039679613273,1.7077794603077123,66.09151773889072,59.038028235840734,0.01590401758821325,0.009152654569567441,82.77212982177734,82.26055592703793,80.97480631878399,70.06246585949313,1.285749608253937,84.19401619135809,78.95792625248956,0.01961469064664456,0.006078277047874891,-0.02597879130831915,0
2019-11-26,105207600,63.64551620483398,63.39276567508751,61.770309197595985,66.27954781605133,1.622456477491525,65.8512528919089,59.803061149228796,0.008894775862742677,0.00961254725905579,82.82148895263671,82.44733220681755,81.1599763504004,70.42199250619748,1.2873558564171503,84.24909225327471,79.35093216078778,0.01711931639123443,0.006064795818245606,-0.009648746609599357,0
2019-11-27,65235600,63.870123291015624,63.59186636599953,61.98635445451596,70.10583793000313,1.6055119114835676,65.51456645597302,60.75097309480823,0.01274252970987444,0.010064221005134138,83.06452026367188,82.67694443754453,81.36589008048503,72.59389008804405,1.3110543570595041,84.39317703287841,79.653031920979,0.020544823179853733,0.006187314027881955,-0.008438023816072504,0
2019-11-29,46617600,64.12322998046875,63.73841399651583,62.17584123302259,68.71035373216498,1.5625727634932431,65.27914957005711,61.450931606700685,0.017552488051830517,0.009740901322172382,83.34172210693359,82.8332572787336,81.53826695639528,69.67067510716663,1.2949903223383217,84.38051329035238,80.0919445953898,0.01871951100598701,0.006314680403043103,0.012946386197487447,1
2019-12-02,94487200,64.23818969726562,63.747605187556665,62.29601275193064,61.77503015637499,1.4515924356260257,65.205832451853,61.74416449638918,-0.0060202317920587944,0.00986140509565114,83.40057830810547,82.7814974731562,81.60927077758677,57.571924394677175,1.172226695569421,84.30155335635803,80.38260573177675,-0.0038972563613687283,0.007684935737522798,0.010448028210919835,1
2019-12-03,114430400,63.903936767578124,63.58037694994278,62.323020817940694,52.99435155021133,1.2573561320020872,65.14340380914618,61.8723028253753,-0.028640893706111448,0.011003959393551973,83.07400665283203,82.62523991794106,81.62086726548833,51.66700530553482,1.00437265245273,84.23367963233643,80.54731020531004,-0.0156572368349146,0.008017476726193476,0.034804231751578873,1
2019-12-04,67181600,63.78076171875,63.523962662571776,62.388995874539994,56.250346875277586,1.1349667880317824,65.0360130931207,62.10961945997989,-0.017086622496004233,0.011604404518885747,82.7987075805664,82.54414245122356,81.65621831132455,53.97773686580129,0.8879241398990132,84.13210773812474,80.78843288077175,-0.013573585080350004,0.008147088991834311,0.03449984696237207,1
2019-12-05,74424400,63.67159576416016,63.61890539034018,62.5187806536901,61.11444763441792,1.1001247366500806,64.94667722417753,62.41897295282441,0.009080717145662165,0.012064061686150382,82.49112243652344,82.52225684123965,81.7114529539174,56.04660750297031,0.8108038873222512,83.99114047620424,81.10312984850279,-0.0039017287463872785,0.00810390460140924,0.022140212184913688,1
2019-12-06,106075600,63.83871917724609,63.88984964256249,62.73072601488233,66.47666597498304,1.1591236276801595,65.19873624634444,62.439339391472934,0.033204603132519495,0.013165937663689165,82.41517791748046,82.64394891336565,81.83010498029823,61.62079776879997,0.8138439330674174,84.00385561953338,81.29167508115022,0.012226019705530389,0.008651144178164236,0.016401437051176693,1
2019-12-09,128042400,63.972032165527345,63.97829149442788,62.85917013820123,59.90435384053459,1.1191213562266498,65.22606511221,62.57575716867379,0.019634571171639914,0.014243914213868001,82.49112701416016,82.6797358537523,81.90762046515606,57.83592018011174,0.772115388596248,83.99587014676891,81.41168066499867,0.008199582512371073,0.00886814080683557,0.048479203552391104,1
2019-12-10,90420400,64.408203125,64.11108917842816,63.00600764207,61.587758189276755,1.1050815363581563,65.33622471052716,62.617268407758964,0.007921268569939022,0.013277819804510753,82.72656555175782,82.72024049967443,81.98431643457013,58.25610070912102,0.7359240651042995,83.9833142820702,81.53910698257825,-0.005463702535999593,0.007462759744533094,0.044435504727551756,1
2019-12-11,78756800,64.84437561035156,64.30854415232983,63.18293644701215,63.97863646765752,1.1256077053176767,65.53833440436452,62.627931846245836,0.02451822007136273,0.013095426431263683,83.00756530761718,82.84068121719747,82.09681930338525,61.71878278901282,0.7438619138122249,84.05234756543193,81.6134216301247,0.00034146216181563105,0.007808103759293381,0.03312763361478899,1
2019-12-12,137310400,65.1283950805664,64.50125855106995,63.35910320976241,64.69173765793349,1.142155341307543,65.76072793550061,62.57435545378162,0.013515368731132016,0.01252602426642806,83.40628509521484,83.07988178752346,82.26709083086163,66.48848180450177,0.8127909566618285,84.31171095848799,81.56860672950029,0.005428570883224015,0.008357306744727152,0.03153317330048888,1
2019-12-13,133587600,65.34286041259766,64.80142949551171,63.58823406014604,68.30537986891616,1.2131954353656695,66.16982375406533,62.46739128804894,0.029560162586922623,0.01300602011050645,83.73475036621093,83.36845099944894,82.46623830005996,69.09152199192306,0.9022126993889827,84.66888890751203,81.49147943965595,0.015086137348281348,0.008458067991913029,0.015591538275634642,1
2019-12-16,128186000,65.96790008544922,65.23042804142457,63.884655244131174,72.21447584472028,1.3457727972933995,66.8455881750073,62.132162603190956,0.05943374384966926,0.012595364913425623,84.30244750976563,83.72946619086484,82.70689099958531,72.24023916201014,1.022575191279529,85.19549495297471,81.25441959780653,0.03901036740604358,0.006619866061170654,0.014792960856497839,1
2019-12-17,114158400,66.54415283203124,65.61386067710384,64.16895783147997,72.63880588829717,1.4449028456238722,67.41490633190642,61.88429906665314,0.08078628008366673,0.009675176172649019,84.81698303222656,84.00427041758576,82.91495045624941,70.21810584613927,1.0893199613363436,85.56537326603254,81.12946926326433,0.04586109631144675,0.005443197414225896,0.013765813426492635,1
2019-12-18,116028400,66.97742614746093,65.9134072015398,64.4202137762546,71.21185350916889,1.4931934252851988,67.86100056142396,61.76303927927427,0.0687703788670968,0.010184954044719195,85.2176010131836,84.235335748474,83.10689450159089,70.11739621279762,1.1284412468831135,85.8785235609917,81.04415786601025,0.04151239089644476,0.0056376346338070675,0.03635556111654159,1
2019-12-19,98369200,67.39089660644531,66.1772737919279,64.65786757349963,71.4641348407796,1.5194062184282728,68.25013548704595,61.780369884047786,0.054371536633138984,0.009912906207040013,85.5631591796875,84.52578805745276,83.33033015012755,72.84247638739814,1.1954579073252063,86.29561061972169,80.96693286782715,0.045161463551031567,0.005719703582192554,0.03492618855514218,1
2019-12-20,275978000,67.59811553955078,66.37899541708803,64.86754140920105,70.09394876329353,1.5114540078869823,68.53193029044684,61.91953226448481,0.0322486989603703,0.008811519467912638,85.89669952392578,84.84847964649548,83.5742526120611,74.84426074484838,1.2742270344343751,86.74847223975733,80.94570271751805,0.03972990929058384,0.005267626936307023,0.04322954678850466,1
2019-12-23,98572000,67.79808654785157,66.71911536606667,65.14326242225647,74.27080404161273,1.5758529438102045,68.98205842147424,62.00604582657264,0.06398931536939378,0.0073202726293011685,86.12787322998047,85.15962405071552,83.81845006849552,75.79582325421988,1.341173982219999,87.16987635445226,80.99113667655361,0.04819642675822822,0.00422195208742462,0.033978446973198295,1
2019-12-24,48478800,67.98453826904297,67.01694358348671,65.4033910412965,74.49797106770497,1.613552542190206,69.42350907227772,61.99690642454844,0.05881300902163589,0.007511153700568527,86.40463256835938,85.42729579005857,84.04667527501032,75.90905516110203,1.3806205150482498,87.57071084057765,80.94038306201026,0.047701114482104456,0.00427313306816611,0.05656575781430928,1
2019-12-26,93121200,68.47578125,67.47851041536916,65.74514933384658,78.72297876255288,1.733361081522574,70.0872844863264,61.95188787695485,0.07068756843985935,0.008728160519994416,86.81282348632813,85.7534271543885,84.30596967376533,78.37826725475782,1.4474574806231715,88.06032827899307,80.8580204148546,0.04842986960433415,0.004316413036167232,0.025938826134308757,1
2019-12-27,146266000,68.94818267822265,67.86497760995479,66.05962324838949,78.44984244958721,1.805354361565307,70.66607747063135,61.903457594065934,0.067560695412066,0.008936514615740628,87.09568939208984,86.02791609765866,84.54535008946009,78.25098149615859,1.4825660081985745,88.48228812091142,80.7958399308464,0.03723090594414957,0.004005124849060597,0.0345065257029229,1
2019-12-30,144114400,69.53168182373047,68.25589799042449,66.38157412502788,79.63882946078945,1.8743238653966046,71.2439138079516,61.91177466861089,0.05949510019753057,0.008591621499522008,87.17760162353515,86.18252047393533,84.7296089379043,71.62609695733754,1.4529115360310243,88.76470239771685,80.84741231785934,0.024451164216709786,0.004821382823797043,0.02356611491886329,1
2019-12-31,100805600,69.99779663085937,68.665813548989,66.71777968029203,81.03421401956044,1.9480338686969674,71.79003804295053,62.07786967189322,0.04927404966573534,0.007669905825778565,87.26522521972656,86.3558305940811,84.92067762805085,72.97435891029966,1.4351529660302447,88.99931113300751,81.0940253538089,0.018596343535908888,0.004269449807882676,0.032488022382889614,1
2020-01-02,135480400,70.77450103759766,69.26161466652735,67.14894569012138,84.60783480118181,2.1126689764059705,72.46003025405544,62.39566737778049,0.07111024490920181,0.009431312553490452,87.67476806640624,86.75450351650612,85.21893888447995,79.26718845540002,1.5355646320261656,89.40791333026955,81.40356127910546,0.0401272652801441,0.006566627919251394,0.030897258862725874,1
2020-01-03,146322800,71.13773345947266,69.65725704092279,67.49593416493444,77.73340599719312,2.161322875988347,72.84760358364132,62.87005465000126,0.06323740782966758,0.01046503062151908,87.75476684570313,86.93798659930326,85.42102811931014,68.74378824711573,1.5169584799931215,89.53404419297581,81.86233413344021,0.028547036672333048,0.008098621146063764,0.04337127534416463,1
2020-01-06,118387200,71.62075958251953,70.08009100315161,67.85961887830301,79.20988312279898,2.220472124848598,73.33283577641753,63.21128119745943,0.0706378956811482,0.010311269581885113,87.87858276367187,87.12547864179326,85.62366936050852,69.65288050961763,1.5018092812847499,89.63971370982954,82.33214450550248,0.023610447939690138,0.007951821055451974,0.05723820505382471,1
2020-01-07,108872000,71.95259857177734,70.38548546871242,68.17114007467292,75.98195437665615,2.2143453940394977,73.74530352326795,63.467324650560194,0.06781441417487621,0.01059525214589055,88.09573516845703,87.27826755342242,85.80847952398068,69.25866077581169,1.4697880294417445,89.77031654490793,82.68207679615654,0.017262370146893247,0.007896359585863811,0.04788992352518462,1
2020-01-08,132079200,72.41341094970703,70.82224324440931,68.54545644030767,79.10391467675998,2.276786804101633,74.19019487863369,63.898402228299915,0.06757036190188903,0.010571888182619586,88.44622802734375,87.55261109125227,86.04944404437592,73.28994940202344,1.5031670468763565,89.92489988037117,83.14598711303704,0.025216520314464308,0.008393412768980932,0.026880795026292814,1
2020-01-09,170108400,72.86165924072266,71.43109232497194,69.0072568719935,82.4079199115715,2.4238354529784374,74.89352738103031,64.18889830866695,0.08921074353899017,0.011287934363810403,88.67100524902344,87.94006949232765,86.34734379651415,76.79833406039702,1.592725695813499,90.18856850361715,83.59512595439065,0.036497341109683834,0.008785951873556078,0.01811818620617811,1
2020-01-10,140644800,73.48475952148438,71.97227681403876,69.44737054843148,82.7275500794035,2.524906265607285,75.516435002257,64.521415186952,0.0704351014488489,0.010703416838746425,89.05388793945312,88.23568295609816,86.60765588616762,74.60799521211464,1.628027069930539,90.3533136111628,84.06622603117117,0.02643612450740651,0.00885658955310056,0.027068143857988947,1
2020-01-13,121532000,74.31363372802734,72.67654943159049,69.97349486544582,85.42851197642435,2.7030545661446723,76.3776859576198,64.75905033998762,0.09371982235062659,0.011258829551282048,89.6196304321289,88.65871593806263,86.93193303081203,78.19939310618115,1.7267829072505947,90.81927466198434,84.25925622180472,0.03938641046864544,0.009307274708222,-0.0012304695597816773,0
2020-01-14,161954400,75.00387268066406,73.11344179480433,70.38407671189283,77.05194984902556,2.7293650829114995,76.89276564963879,65.15036865822253,0.0725846178852978,0.013342637559384158,90.10727386474609,88.95073252150972,87.20044345300883,73.90645715019389,1.7502890685008907,91.12687005253602,84.51178503779602,0.040490221886889444,0.009190571913989854,0.016055236576713483,1
2020-01-15,121923600,75.39753875732421,73.43333404084105,70.74027409575581,74.58629455687175,2.6930599450852384,77.3216915778463,65.48172486502479,0.06024212127966644,0.01381884962708483,90.42729034423829,89.2139402792432,87.45682415625095,74.27816731411438,1.757116122992258,91.45055569064787,84.68275271999666,0.03839862213239176,0.009233113635215732,0.025341978515296182,1
2020-01-16,108829200,75.66851348876953,73.84891894614134,71.1398564534993,76.90300318582504,2.7090624926420332,77.83627381759838,65.80833220046803,0.04957524735823937,0.012766562025466027,90.7892074584961,89.62420735467214,87.78451690538282,78.17456814933135,1.8396904492893214,91.95097041419658,84.81883625694601,0.032979919866109375,0.008391388206740921,0.009738635244253446,1
2020-01-17,137816400,76.07425842285156,74.33024159662982,71.57227569207835,78.7682547161052,2.757965904551469,78.37642211505766,66.20984421184664,0.07161339912247389,0.011770656864471903,91.31685180664063,90.06660295357774,88.1337955603588,79.84438218351818,1.932807393218937,92.47918400007772,84.98998103898477,0.0517655833817976,0.006686450234161927,-0.030684079849770063,0
2020-01-21,110843200,76.055419921875,74.65725924687787,71.9340224054979,74.74506393548748,2.723236841379972,78.67196575410179,66.79703220122047,0.0559373056250676,0.012534982944048586,91.61210632324219,90.43507479485424,88.45437884639705,79.44147937794007,1.9806959484571962,92.93583476937066,85.16716968619575,0.04883333637678233,0.006867648656160404,0.0035379916740692074,1
2020-01-22,101832400,76.29790649414062,74.97595515563644,72.28918983129869,75.45152246665694,2.686765324337756,78.84626438664122,67.54676539851502,0.0647140441537355,0.012048276926159653,92.05974578857422,90.79814345058881,88.77590789904386,80.3743902229531,2.022235551544952,93.40929581294635,85.31088240970989,0.05306954651138418,0.006640806367129832,0.020899881127513842,1
2020-01-23,104472000,76.67901306152343,75.30246578260883,72.64541830534745,76.4134633139028,2.6570474772613863,79.0895550480816,68.15432465162543,0.05290398607161939,0.011553870329169954,92.57405548095703,91.1727569826046,89.1060726034622,81.55880444769753,2.0666843791424014,93.89999667197566,85.45640286415716,0.04683988966775865,0.0063539375398278695,0.014534965130115651,1
2020-01-24,146537600,76.82730255126953,75.54456079667261,72.95880090302715,74.52235374658075,2.5857598936454593,79.15343835867618,68.9125498005035,0.028033267857181077,0.010288119326053464,92.75692443847656,91.42233607099296,89.37932804447455,76.58155594648996,2.0430080265184074,94.20113847836029,85.74481412784087,0.03024200481831052,0.006488790022473912,-0.02764585658508445,0
2020-01-27,161940000,76.35490570068359,75.40163327739786,73.08152171920193,58.62564153158694,2.320111558195933,79.0244910744507,69.50133747779539,-0.004446497079304668,0.01449226433832884,92.37404327392578,91.29357251004092,89.46866470227678,57.516594620550634,1.8249078077641343,94.2016842672408,86.04809066562053,0.00805478941249227,0.010663602359402464,-0.0009389563831601055,0
2020-01-28,162234000,76.40900573730468,75.60543685108244,73.35150948121273,65.9332307756107,2.2539273698697144,79.03026334533732,70.16914613952596,0.002303168723229776,0.015755522822112133,92.34547271728516,91.45130245290721,89.67978710497272,64.89906705429472,1.7715153479344963,94.36191048014908,86.36598563801499,0.014655316554132991,0.011630756466949105,0.0036514049322653452,1
2020-01-29,216229200,76.72973022460937,76.02497042635162,73.72046471151786,70.24013340627477,2.304505714833752,79.26207203368145,70.72998195191425,0.037290670240154755,0.01615138985533214,92.29785461425782,91.62139908199721,89.89290884104824,65.77877145630208,1.7284902409489717,94.42682530372971,86.85347941428788,0.022086759772808717,0.011423679907432425,-0.008910134569504735,0
2020-01-30,126743200,76.95385437011718,76.36249727745077,74.05368176684958,69.57067903784068,2.3088155106011925,79.40175164279626,71.32015692653968,0.04024528841945996,0.01601827283518735,92.32261962890625,91.88840791275665,90.1495049625953,68.62402063040966,1.7389029501613464,94.57183161534081,87.31326512538183,0.029730051555999948,0.011588508634121798,0.004137702860439019,1
2020-01-31,199588400,76.52879333496094,76.11454049603407,74.10531853954532,52.961746649507184,2.0092219564887444,79.30273258448698,71.64040172337435,-0.01817645425412806,0.021750312563592257,91.92259674072265,91.72017694405731,90.19731249249276,53.33156496756314,1.5228644515645584,94.54237702382564,87.52748991953375,-0.011817170893858031,0.014370830938149217,0.036443120419476616,1
2020-02-03,173788400,76.51478118896485,75.87314521839902,74.13792243968317,52.16776142518425,1.7352227787158512,79.07044157183017,72.14391084516203,-0.03159422522029376,0.021288689537193074,92.2045166015625,91.7624531417414,90.33047247297506,58.04743361873653,1.431980668766343,94.44925147219172,88.0253983385993,-0.005457380821767721,0.014899534581649753,0.044233628606962894,1
2020-02-04,136616400,76.57081298828125,76.04750987755759,74.35041081473847,59.92375572645881,1.6970990628191203,79.00357599270183,72.67086019504231,0.007202315246583657,0.024044447208940556,92.62167816162109,92.168941110545,90.63226154452985,65.57061985903982,1.5366795660151524,94.71508883805295,88.38435497908573,0.021013626713983546,0.017116769084061654,0.004762320875487225,1
2020-02-05,118826800,76.43122253417968,76.29165494559861,74.59367318548556,61.633196036631126,1.697981760113052,78.83301120426444,73.39835476253245,0.011803525804676251,0.02414282053376666,93.10169982910156,92.59787922882954,90.9526154211865,67.03028530507589,1.6452638076430475,94.97271991409482,88.81056713424502,0.023298855882952774,0.0171517574092225,0.02030306898697809,1
2020-02-06,105425600,76.49595184326172,76.63794518533824,74.88618194981302,64.0231354483785,1.7517632355252175,78.94404960052833,73.81912941558494,0.018732809357350222,0.024346982016935727,93.59505615234374,93.09416520872415,91.31343932318339,69.23413377107468,1.780725885540761,95.48251670046768,88.97699410275497,0.0277863314286535,0.017273069020753425,0.001325338561640521,1
2020-02-07,117684000,77.04078216552735,76.76671205060471,75.07794105053578,59.3428792825688,1.6887710000689253,79.00657316771058,74.02612260255309,0.007789762553762181,0.024822750075990233,94.42557830810547,93.37929631430805,91.58263029146755,64.53728052853083,1.7966660228404976,95.77571596028818,89.17143751261221,0.023196248175485934,0.017544815143593562,0.015373428550101487,1
2020-02-10,109348800,77.70026550292968,76.93227756257598,75.2827519266752,60.41689884777109,1.6495256359007726,79.10363502826617,74.21847037944868,0.04325313877587211,0.02239708324073198,95.2732421875,93.81837251610321,91.92712372365341,67.97100847187933,1.891248792449801,96.25861760245763,89.32570933235681,0.06234912457511488,0.015148578409895705,-0.007930100716228905,0
2020-02-11,94323200,77.77361145019532,77.00011874360395,75.4376032831628,58.30000990436754,1.5625154604411478,79.16458210141138,74.23984294741675,0.008431114969686293,0.020922819928506153,95.57420654296875,94.14007623921174,92.22211061199823,66.23154320498577,1.9179656272135048,96.66046719271817,89.41626467984041,0.03889379964913586,0.0146723412910361,0.01254670675817482,1
2020-02-12,113730400,78.08885498046875,77.34020362477125,75.71708974153529,63.66416826042551,1.623113883235959,79.52288216680182,74.2509749498974,0.011212031340625428,0.02123683709117184,95.97232055664062,94.57200434821823,92.57214752575791,68.97278692308839,1.9998568224603162,97.1802826772048,89.5355277170823,0.04743759737980602,0.014819547846509021,-0.02108771456346714,0
2020-02-13,94747600,78.10967407226562,77.5411933690973,75.93409323941346,61.0672750401058,1.6071001296838432,79.6807531881656,74.43849348541838,0.005468525279237246,0.02139416335817387,96.14566040039061,94.89791711262997,92.87720602880506,67.51077127061734,2.0207110838249065,97.53690732171442,89.78178850958442,0.03570682850619722,0.01491952169517899,-0.036383921728862734,0
2020-02-14,80113600,78.34788513183594,77.71423825191647,76.13645560000667,61.1258536402637,1.5777826519098,79.86312691007174,74.50925468172514,0.05237680467748973,0.01448222472368603,96.57805938720703,95.23816253054868,93.1907101991974,68.67598362537926,2.0474523313512805,97.99358504291214,89.84799439434371,0.06954801704441849,0.010210159487319551,-0.08238178441704647,0
2020-02-18,152531200,78.22442474365235,77.63906097277547,76.21713192130247,54.54601236941406,1.4219290514730005,79.87375755526199,74.52343101285325,0.035952750760836594,0.01617039770095534,96.68092193603516,95.47038435202076,93.45418384148775,66.45925663303228,2.016200510533011,98.33495508865465,89.93140691085708,0.05166186831691766,0.010429144467442732,-0.09692799289318277,0
2020-02-19,93984000,78.4185806274414,77.74751692437972,76.37467953144326,58.299585381567,1.3728373929364608,79.99097309144437,74.59503231016694,0.017368779077175045,0.013225770422790134,97.07903747558593,95.84417513079642,93.78350536538217,69.8018601499981,2.0606697654142465,98.84835917120078,89.96183827752968,0.037025722811329764,0.007887621912385226,-0.09569860200523761,0
2020-02-20,100566000,78.08450622558594,77.71563716092346,76.4610216744411,54.797594690411266,1.2546154864823649,80.02020592599405,74.64695105642784,-0.001212790900048888,0.013521580208469367,97.06570587158203,96.0036790995561,94.01294577740826,63.75149051591097,1.9907333221478325,99.11623047198125,90.10255996380977,0.02026086818885986,0.008987429737484403,-0.14605068677077526,0
2020-02-21,129554000,77.51221160888672,77.41864127145747,76.41095813406729,48.0147595344544,1.0076831373901882,80.04153357502503,74.49431237224059,-0.03510680418171319,0.014531415386863056,96.66949768066407,95.80455867844049,94.0645347096228,53.17437529718747,1.740023968817681,99.14324998724217,90.22316694391017,-0.011629078117350367,0.011428704818396848,-0.1267848903986012,0
